id,first_name,last_name,email,gender,country,photo,birthday;;
1,Edd,MacAllen,emacallen0@fotki.com,Male,Slovenia,https://robohash.org/sitfacilissed.bmp?size=50x50&set=set1,11/1/1997;;
2,Cart,Breydin,cbreydin1@symantec.com,Male,Democratic Republic of the Congo,https://robohash.org/ullamquocorporis.bmp?size=50x50&set=set1,2/4/1965;;
3,Flss,Van Leeuwen,fvanleeuwen2@gravatar.com,Female,Russia,https://robohash.org/praesentiumreprehenderitdolore.bmp?size=50x50&set=set1,6/3/1985;;
4,Doyle,Collumbine,dcollumbine3@skyrock.com,Male,Philippines,https://robohash.org/totamdolorumaperiam.png?size=50x50&set=set1,6/11/1960;;
5,Shep,Doeg,sdoeg4@latimes.com,Male,China,https://robohash.org/accusantiumliberoprovident.png?size=50x50&set=set1,6/9/1974;;
6,Phillie,Menzies,pmenzies5@ed.gov,Female,United States,https://robohash.org/repudiandaeenimvelit.png?size=50x50&set=set1,11/25/1992;;
7,Dorian,Snibson,dsnibson6@instagram.com,Female,Vietnam,https://robohash.org/nequeuttenetur.bmp?size=50x50&set=set1,12/4/1969;;
8,Gunar,Randall,grandall7@cdbaby.com,Male,Philippines,https://robohash.org/estlaborequia.jpg?size=50x50&set=set1,6/9/2009;;
9,Angelina,Delahunty,adelahunty8@go.com,Female,Portugal,https://robohash.org/sequivelitasperiores.jpg?size=50x50&set=set1,3/21/1961;;
10,Harrison,Simunek,hsimunek9@e-recht24.de,Male,Cameroon,https://robohash.org/quisuntcorrupti.png?size=50x50&set=set1,7/31/1998;;
